address,topics,data,blockNumber,blockHash,timeStamp,gasPrice,gasUsed,logIndex,transactionHash,transactionIndex
0x133c8e155b6227ba0d8290bfd0d900aa1f245135,"['0x3de3aee7860cdac45b499418398cd4bcf1f9952148868b8a6d43ba7729a0bbb5', '0x000000000000000000000000947b7742c403f20e5faccdac5e092c943e7d0277']",0x0000000000000000000000000000000000000000000006c6b935b8bbd4000000,0xe2a12d,0xf072727a2ccd0c0cef9031d2ee258577669395b3317e1665cfdd9554a823cdf9,0x629063bf,0x689802ffc,0x15172,0xf,0x428470e9a11286d78789bbbede7780cb26d8d442d218da21dad0315e354ac5f3,0xa
0x133c8e155b6227ba0d8290bfd0d900aa1f245135,"['0xbdf2ad452fb5e7123ebc3e977452088bc6ac9aa4c6b807fa043bb65f7dd62810', '0x000000000000000000000000947b7742c403f20e5faccdac5e092c943e7d0277', '0x000000000000000000000000d29deda9432d6a78a6f4a5ecc123ac5840348629']",0x0000000000000000000000000000000000000000000000000072387119dbe808d8b052c772c3ec06d32c43d9a2f52ae94e797868124ccf677532f4a1970a7b8c,0xe2a135,0x2c983c82ab768e640169a915fdd336daaaff098e3941570bf8793294988147db,0x62906429,0x7ee46819a,0x11a18,0x38,0xfedf5975b25fe53336b6ea4b4b2270e6be152feac6e29ceb7f6bd7cdd9291e2c,0x14
0x133c8e155b6227ba0d8290bfd0d900aa1f245135,"['0xbdf2ad452fb5e7123ebc3e977452088bc6ac9aa4c6b807fa043bb65f7dd62810', '0x000000000000000000000000947b7742c403f20e5faccdac5e092c943e7d0277', '0x00000000000000000000000096958d02ff299d9843e9c850332fb2d7d8481e62']",0x00000000000000000000000000000000000000000000000000ab54a9a6c9dc0d4c4b1f50ee56827eefed1cc4db0e512a8a5fbf2f3180b843ae5fb12eb4bb8335,0xe2e4f8,0x97055712520932bbcfe5c185caf0b1a5d5fb26019d3b12ea499fcc71216ec891,0x62941b89,0x4e283152d,0xe23c,0x17,0x69454fa7f4241170c931c1a1bba90b3ed317b25eaca69d225a9d0f6a17a327bb,0x1b
0x133c8e155b6227ba0d8290bfd0d900aa1f245135,"['0xbdf2ad452fb5e7123ebc3e977452088bc6ac9aa4c6b807fa043bb65f7dd62810', '0x000000000000000000000000947b7742c403f20e5faccdac5e092c943e7d0277', '0x00000000000000000000000077634d1dfb0b4bf486a485695683c9f246b6831b']",0x0000000000000000000000000000000000000000000000000072387119dbe8086ddf93ea5e94a4b20257821dbf59dd9e68b6647548c1105e3ccd5ca258fd1dcf,0xe395d5,0xbaee076c0894098a7ba4ec9f091c45a2c00cf82a90ab6b99e9f0b0bc008baf2d,0x629df5dc,0xa42b7ca48,0xe23c,0x124,0x0b2eedfef1b24fa94bf8553eacf18a36678e94f96db9812fc62c98ab43ebcebb,0xce
0x133c8e155b6227ba0d8290bfd0d900aa1f245135,"['0x674faf747e3eea06e0c6346405d01330e029b752733b8ac5cfa9365ed64a496c', '0x000000000000000000000000947b7742c403f20e5faccdac5e092c943e7d0277', '0x000000000000000000000000d29deda9432d6a78a6f4a5ecc123ac5840348629']",0x0000000000000000000000000000000000000000000000000072387119dbe808d8b052c772c3ec06d32c43d9a2f52ae94e797868124ccf677532f4a1970a7b8c000000000000000000000000000000000000000000000040f20fd51c84454816,0xe68539,0x910ee2cb3836b3081304a2785b31906115758767823e5951946e29d8ccf952ed,0x62c94046,0x1e1d9643b,0x137bd,0x11,0xab3d2fa542d233b3c317a8c30fd724b2caada916f1614b65f7f4c0c31aeba63d,0x6
0x133c8e155b6227ba0d8290bfd0d900aa1f245135,"['0x674faf747e3eea06e0c6346405d01330e029b752733b8ac5cfa9365ed64a496c', '0x000000000000000000000000947b7742c403f20e5faccdac5e092c943e7d0277', '0x000000000000000000000000d29deda9432d6a78a6f4a5ecc123ac5840348629']",0x0000000000000000000000000000000000000000000000000072387119dbe808d8b052c772c3ec06d32c43d9a2f52ae94e797868124ccf677532f4a1970a7b8c0000000000000000000000000000000000000000000000217121ecd35f5865c8,0xe8b489,0x9f9c65831fcccfd4c22632853e0f3b746d1786a773d59ba92b54192caceb0726,0x62e6878b,0x2c2ebc5e5,0xf4f1,0x1e4,0x39dbb721fc8d3caff9ea8ec73b9e1ba64176db103c976eec06e4bd18ed73b241,0x141
0x133c8e155b6227ba0d8290bfd0d900aa1f245135,"['0x674faf747e3eea06e0c6346405d01330e029b752733b8ac5cfa9365ed64a496c', '0x000000000000000000000000947b7742c403f20e5faccdac5e092c943e7d0277', '0x000000000000000000000000d29deda9432d6a78a6f4a5ecc123ac5840348629']",0x0000000000000000000000000000000000000000000000000072387119dbe808d8b052c772c3ec06d32c43d9a2f52ae94e797868124ccf677532f4a1970a7b8c0000000000000000000000000000000000000000000000403c713edf3805b6ba,0xeccdc2,0xb6d12283cf068dab73597ed76bedab35de4512a49a0116aede1c809c704f8792,0x631ec4a6,0x197806d9b,0xf4f1,0x80,0xc1b8f649c48c789ea146eb62576eebb4bc52a8d74ee7d65effc9f128e8c62f31,0x3b
0x133c8e155b6227ba0d8290bfd0d900aa1f245135,"['0x674faf747e3eea06e0c6346405d01330e029b752733b8ac5cfa9365ed64a496c', '0x000000000000000000000000947b7742c403f20e5faccdac5e092c943e7d0277', '0x000000000000000000000000d29deda9432d6a78a6f4a5ecc123ac5840348629']",0x0000000000000000000000000000000000000000000000000072387119dbe808d8b052c772c3ec06d32c43d9a2f52ae94e797868124ccf677532f4a1970a7b8c00000000000000000000000000000000000000000000002a76b4cbc3731ef124,0xefd2cb,0x8879410ba0d61975ce808ed987648b743fe0e8008fc95521cbecb5041b656c15,0x6343f1f3,0x83272d5d6,0xf4f1,0x35,0xd818f7922a30196933bc44b43da296e574faa79e0f1b40c08210e385327f3d74,0x2e
0x133c8e155b6227ba0d8290bfd0d900aa1f245135,"['0x674faf747e3eea06e0c6346405d01330e029b752733b8ac5cfa9365ed64a496c', '0x000000000000000000000000947b7742c403f20e5faccdac5e092c943e7d0277', '0x00000000000000000000000096958d02ff299d9843e9c850332fb2d7d8481e62']",0x00000000000000000000000000000000000000000000000000ab54a9a6c9dc0d4c4b1f50ee56827eefed1cc4db0e512a8a5fbf2f3180b843ae5fb12eb4bb833500000000000000000000000000000000000000000000013320b1f680832c2ad1,0xf01b70,0xaa6af71cc6129a5781e10a71c0f94badfcd5ecd38a4ea6dc8f465e66a1a86ef2,0x63475e23,0x7ac261a03,0x137bd,0xcf,0xcf171f91318c39e8020c9f678448eb8fab12f9270740359a41ce0f17585a9796,0x7d
0x133c8e155b6227ba0d8290bfd0d900aa1f245135,"['0x674faf747e3eea06e0c6346405d01330e029b752733b8ac5cfa9365ed64a496c', '0x000000000000000000000000947b7742c403f20e5faccdac5e092c943e7d0277', '0x00000000000000000000000096958d02ff299d9843e9c850332fb2d7d8481e62']",0x00000000000000000000000000000000000000000000000000ab54a9a6c9dc0d4c4b1f50ee56827eefed1cc4db0e512a8a5fbf2f3180b843ae5fb12eb4bb83350000000000000000000000000000000000000000000000019f87d04208c5c59b,0xf02f8c,0x4f8d66e2043b9eecf7c11215380731a3e0e3cd33bea77b66da85d31341a6755b,0x634850ab,0x4c2df2d62,0xf4f1,0x6a,0xa669cfa74d2438ee0d22d5e6a70849acdfd97f96fdb3d5908459a732daae9216,0x50
0x133c8e155b6227ba0d8290bfd0d900aa1f245135,"['0x674faf747e3eea06e0c6346405d01330e029b752733b8ac5cfa9365ed64a496c', '0x000000000000000000000000947b7742c403f20e5faccdac5e092c943e7d0277', '0x000000000000000000000000d29deda9432d6a78a6f4a5ecc123ac5840348629']",0x0000000000000000000000000000000000000000000000000072387119dbe808d8b052c772c3ec06d32c43d9a2f52ae94e797868124ccf677532f4a1970a7b8c00000000000000000000000000000000000000000000001e42e0fbc09e781b12,0xf204c0,0xb9385d50f22559f882a42ed8671118d838c6fcdaa1a6fa5403d2347992c723d6,0x635e7057,0x20119a08f,0xf4f1,0x8d,0xffeab9d6cfa0e930e238b09e4ab12e536b1951ce75e3010d0b41e46c91499cf0,0x42
0x133c8e155b6227ba0d8290bfd0d900aa1f245135,"['0x3de3aee7860cdac45b499418398cd4bcf1f9952148868b8a6d43ba7729a0bbb5', '0x00000000000000000000000057700212b1cb7b67bd7df3801da43ca634513fe0']",0x00000000000000000000000000000000000000000000000f40c82b8c11646000,0xfdb2d4,0x04a825219873ffb4621b7eeb6249311f725f1b565aa362fd017bac1ae3bc4730,0x63eb6223,0x357d4a37a,0x10eb2,0xf5,0x40e26358e3255e42faeb85da803157d33ab0a1398ca23912745dce60dd3f8942,0x70
0x133c8e155b6227ba0d8290bfd0d900aa1f245135,"['0xbdf2ad452fb5e7123ebc3e977452088bc6ac9aa4c6b807fa043bb65f7dd62810', '0x00000000000000000000000057700212b1cb7b67bd7df3801da43ca634513fe0', '0x00000000000000000000000032eac51f54c02502415a89c34bd7d1bce345daae']",0x000000000000000000000000000000000000000000000000002951b0240139fd254a87d108397f789cef9fdb58bcbda7bb812ff4924329370a371dcaebf55b74,0xfdb2e7,0x68a3109bc92cf3a4acd3c945390d3c9b7384ab2affc5629705faf962877a789a,0x63eb6307,0x3a2cffef0,0x11a18,0xd5,0x55873656dcc1862281af5df356a739fa89455c6058c56c409201c55e31ce990a,0x92
0x133c8e155b6227ba0d8290bfd0d900aa1f245135,"['0x674faf747e3eea06e0c6346405d01330e029b752733b8ac5cfa9365ed64a496c', '0x00000000000000000000000057700212b1cb7b67bd7df3801da43ca634513fe0', '0x00000000000000000000000032eac51f54c02502415a89c34bd7d1bce345daae']",0x000000000000000000000000000000000000000000000000002951b0240139fd254a87d108397f789cef9fdb58bcbda7bb812ff4924329370a371dcaebf55b740000000000000000000000000000000000000000000000008590606a253ea5a9,0xfdcdae,0xe4aa84fbc84409f800d81dd69a5a780e9f30a4a03f82b3b9dec2d8a108662409,0x63eca647,0x682672817,0x19077,0xf4,0x356a036fa246f7e72e192b9f36f86b971b62c04f69959771b1ccc7f8d618ae62,0x79
0x133c8e155b6227ba0d8290bfd0d900aa1f245135,"['0x0edc6e7edb775c1fb5a1326f1b041b17e4e1cbfb9ea4a0562920bda1a7d03134', '0x00000000000000000000000057700212b1cb7b67bd7df3801da43ca634513fe0', '0x00000000000000000000000032eac51f54c02502415a89c34bd7d1bce345daae', '0x00000000000000000000000032eac51f54c02502415a89c34bd7d1bce345daae']",0x000000000000000000000000000000000000000000000000002951b0240139fd254a87d108397f789cef9fdb58bcbda7bb812ff4924329370a371dcaebf55b7400000000000000000000000000000000000000000000000000b114f2c74a8c54c7d1509d3b831c6d2b030834ec85a24dc168bef5103c07955405d9994832558b,0xfdcdae,0xe4aa84fbc84409f800d81dd69a5a780e9f30a4a03f82b3b9dec2d8a108662409,0x63eca647,0x682672817,0x19077,0xf6,0x356a036fa246f7e72e192b9f36f86b971b62c04f69959771b1ccc7f8d618ae62,0x79
0x133c8e155b6227ba0d8290bfd0d900aa1f245135,"['0x674faf747e3eea06e0c6346405d01330e029b752733b8ac5cfa9365ed64a496c', '0x00000000000000000000000057700212b1cb7b67bd7df3801da43ca634513fe0', '0x00000000000000000000000032eac51f54c02502415a89c34bd7d1bce345daae']",0x00000000000000000000000000000000000000000000000000b114f2c74a8c54c7d1509d3b831c6d2b030834ec85a24dc168bef5103c07955405d9994832558b00000000000000000000000000000000000000000000000ebb36a7cc7447dec8,0xfecb28,0x557956ff35a81ced740060e4bd1fd9876ee55e845547aa764f8876e0e2602d8d,0x63f8ab6f,0x5e00c33d6,0xf626,0xd2,0x313fdc8c9a11d94cd228424ac11cf36e79ac1ad050d16d92b143e7f2e0fd2b88,0x77
0x133c8e155b6227ba0d8290bfd0d900aa1f245135,"['0x674faf747e3eea06e0c6346405d01330e029b752733b8ac5cfa9365ed64a496c', '0x00000000000000000000000057700212b1cb7b67bd7df3801da43ca634513fe0', '0x00000000000000000000000032eac51f54c02502415a89c34bd7d1bce345daae']",0x00000000000000000000000000000000000000000000000000b114f2c74a8c54c7d1509d3b831c6d2b030834ec85a24dc168bef5103c07955405d9994832558b0000000000000000000000000000000000000000000000000000000000000000,0xfecb2b,0x4f3a7cf94e04022cf7857b1b3ce297a662a0f20cf7cfc1df3a443d3992352d25,0x63f8ab93,0x7151a69fb,0xc973,0x95,0x5a67dba719e16cbd62a54a2a248c3202dee9d4d4df6cec3bec29b3455f70079e,0x61
0x133c8e155b6227ba0d8290bfd0d900aa1f245135,"['0xad944a97ab4c0b30123a6c2757ec85eab70d01af114e49d0f0a86c466e32fb4f', '0x00000000000000000000000057700212b1cb7b67bd7df3801da43ca634513fe0', '0x00000000000000000000000032eac51f54c02502415a89c34bd7d1bce345daae']",0x00000000000000000000000000000000000000000000000000b114f2c74a8c54c7d1509d3b831c6d2b030834ec85a24dc168bef5103c07955405d9994832558b,0xfecb2b,0x4f3a7cf94e04022cf7857b1b3ce297a662a0f20cf7cfc1df3a443d3992352d25,0x63f8ab93,0x7151a69fb,0xc973,0x97,0x5a67dba719e16cbd62a54a2a248c3202dee9d4d4df6cec3bec29b3455f70079e,0x61
0x133c8e155b6227ba0d8290bfd0d900aa1f245135,"['0x674faf747e3eea06e0c6346405d01330e029b752733b8ac5cfa9365ed64a496c', '0x000000000000000000000000947b7742c403f20e5faccdac5e092c943e7d0277', '0x00000000000000000000000077634d1dfb0b4bf486a485695683c9f246b6831b']",0x0000000000000000000000000000000000000000000000000072387119dbe8086ddf93ea5e94a4b20257821dbf59dd9e68b6647548c1105e3ccd5ca258fd1dcf0000000000000000000000000000000000000000000001b22ba31ab08fed8dd1,0x1018b31,0xa3fd204cd3fadbbcbb99b6e5d630607302817a7579b0523e5a8f32d5213aeb2b,0x641a1397,0x40f98d6f0,0x137bd,0xfd,0x20ac5372030e35864b743fd8f7c5e1ad8266730a9407e2e551640de80481b891,0x8e
0x133c8e155b6227ba0d8290bfd0d900aa1f245135,"['0x674faf747e3eea06e0c6346405d01330e029b752733b8ac5cfa9365ed64a496c', '0x000000000000000000000000947b7742c403f20e5faccdac5e092c943e7d0277', '0x00000000000000000000000096958d02ff299d9843e9c850332fb2d7d8481e62']",0x00000000000000000000000000000000000000000000000000ab54a9a6c9dc0d4c4b1f50ee56827eefed1cc4db0e512a8a5fbf2f3180b843ae5fb12eb4bb8335000000000000000000000000000000000000000000000182a310a694a43894c2,0x102da88,0x73c30fbb8292ef1a552ac42df47c8d9b4f756d15cd5e9aaa2b63c9f6405607ed,0x6429fb6f,0x59b61533f,0x137bd,0xd5,0xae8540011d3ab28e8a251d9983492f01b72dba74176345cc4799c347a00d4cbe,0x5c
0x133c8e155b6227ba0d8290bfd0d900aa1f245135,"['0x674faf747e3eea06e0c6346405d01330e029b752733b8ac5cfa9365ed64a496c', '0x000000000000000000000000947b7742c403f20e5faccdac5e092c943e7d0277', '0x00000000000000000000000077634d1dfb0b4bf486a485695683c9f246b6831b']",0x0000000000000000000000000000000000000000000000000072387119dbe8086ddf93ea5e94a4b20257821dbf59dd9e68b6647548c1105e3ccd5ca258fd1dcf00000000000000000000000000000000000000000000003436a6b3a559be41cc,0x106e551,0x67d55ff828b6a1220e5168c33107f6bff5f33d7bf9c447e8d96a70e9537eec30,0x645b64bf,0xdf965701d,0x138f2,0xb7,0x420adf4503537ec3eade37bfeabcb9415c6a2ec170a58c9075b787ba91909033,0x4e
0x133c8e155b6227ba0d8290bfd0d900aa1f245135,"['0x3de3aee7860cdac45b499418398cd4bcf1f9952148868b8a6d43ba7729a0bbb5', '0x000000000000000000000000947b7742c403f20e5faccdac5e092c943e7d0277']",0x0000000000000000000000000000000000000000000007d5c6261d992d200000,0x10714c5,0x519819f4ee3304a059688c10153a17dfb34f7ac122ecd9a7fd3877bc99bcb598,0x645da91b,0x2a52f6c510,0xcbe6,0x1c1,0x7624a90c6360f8d2f5319c8ae969ad3127786447866d3784de5f0b496d263005,0xa2
0x133c8e155b6227ba0d8290bfd0d900aa1f245135,"['0x674faf747e3eea06e0c6346405d01330e029b752733b8ac5cfa9365ed64a496c', '0x000000000000000000000000947b7742c403f20e5faccdac5e092c943e7d0277', '0x000000000000000000000000d29deda9432d6a78a6f4a5ecc123ac5840348629']",0x0000000000000000000000000000000000000000000000000072387119dbe808d8b052c772c3ec06d32c43d9a2f52ae94e797868124ccf677532f4a1970a7b8c00000000000000000000000000000000000000000000014fb0f8351c0763b876,0x10a4155,0xd4e67aea4f03335dbf549c02780bd258f7c8c39a9d7ff7b40917284a82194c47,0x64845623,0x4bfba6eb2,0xf4f1,0x69,0xb34605341c58479d57147d806225f4d9ddc393fcd15ca986316a67001f452720,0x44
0x133c8e155b6227ba0d8290bfd0d900aa1f245135,"['0x674faf747e3eea06e0c6346405d01330e029b752733b8ac5cfa9365ed64a496c', '0x000000000000000000000000947b7742c403f20e5faccdac5e092c943e7d0277', '0x00000000000000000000000096958d02ff299d9843e9c850332fb2d7d8481e62']",0x00000000000000000000000000000000000000000000000000ab54a9a6c9dc0d4c4b1f50ee56827eefed1cc4db0e512a8a5fbf2f3180b843ae5fb12eb4bb83350000000000000000000000000000000000000000000000b567e9a98f4016c5c8,0x10b88b2,0x896fdb5f8262f8caa1dd953b3e3f37d331909e6d518f1b8757e957e1acea9e8f,0x6493dcdb,0x3e1200ec8,0x12bda,0xff,0x1c1e5d925e6e1ddb98fabf4674c9f7a65ed8b531dfd74127e1ef6d246797b425,0x72
0x133c8e155b6227ba0d8290bfd0d900aa1f245135,"['0xad944a97ab4c0b30123a6c2757ec85eab70d01af114e49d0f0a86c466e32fb4f', '0x000000000000000000000000947b7742c403f20e5faccdac5e092c943e7d0277', '0x00000000000000000000000096958d02ff299d9843e9c850332fb2d7d8481e62']",0x00000000000000000000000000000000000000000000000000ab54a9a6c9dc0d4c4b1f50ee56827eefed1cc4db0e512a8a5fbf2f3180b843ae5fb12eb4bb8335,0x10b88b2,0x896fdb5f8262f8caa1dd953b3e3f37d331909e6d518f1b8757e957e1acea9e8f,0x6493dcdb,0x3e1200ec8,0x12bda,0x101,0x1c1e5d925e6e1ddb98fabf4674c9f7a65ed8b531dfd74127e1ef6d246797b425,0x72
0x133c8e155b6227ba0d8290bfd0d900aa1f245135,"['0xbdf2ad452fb5e7123ebc3e977452088bc6ac9aa4c6b807fa043bb65f7dd62810', '0x000000000000000000000000947b7742c403f20e5faccdac5e092c943e7d0277', '0x00000000000000000000000096958d02ff299d9843e9c850332fb2d7d8481e62']",0x00000000000000000000000000000000000000000000000000ab54a9a6c9dc0d4c4b1f50ee56827eefed1cc4db0e512a8a5fbf2f3180b843ae5fb12eb4bb8335,0x10b88b8,0x4cfcec24a776d1fb012e1102ffe7e2c972d8955f440f7cc3732929dde7a8b423,0x6493dd23,0x46f0f35eb,0xe23c,0x98,0xdf9ba20250847b695dfc8308bcf351033cc3bd6dde48abfbc55f305bae8848a4,0x79
0x133c8e155b6227ba0d8290bfd0d900aa1f245135,"['0x674faf747e3eea06e0c6346405d01330e029b752733b8ac5cfa9365ed64a496c', '0x000000000000000000000000947b7742c403f20e5faccdac5e092c943e7d0277', '0x00000000000000000000000096958d02ff299d9843e9c850332fb2d7d8481e62']",0x00000000000000000000000000000000000000000000000000ab54a9a6c9dc0d4c4b1f50ee56827eefed1cc4db0e512a8a5fbf2f3180b843ae5fb12eb4bb8335000000000000000000000000000000000000000000000000003dadd6acaf11c7,0x10b88bb,0xaae1f75b4b7eb45787df2b278d86b5988292580f761b44fd4cbd3c64c833fd26,0x6493dd47,0x4693864e4,0xe90e,0x89,0x9af7f7bf25e45afca9a526838f1accd349124420c2e8477bac227f51df93ece8,0x3f
0x133c8e155b6227ba0d8290bfd0d900aa1f245135,"['0xad944a97ab4c0b30123a6c2757ec85eab70d01af114e49d0f0a86c466e32fb4f', '0x000000000000000000000000947b7742c403f20e5faccdac5e092c943e7d0277', '0x00000000000000000000000096958d02ff299d9843e9c850332fb2d7d8481e62']",0x00000000000000000000000000000000000000000000000000ab54a9a6c9dc0d4c4b1f50ee56827eefed1cc4db0e512a8a5fbf2f3180b843ae5fb12eb4bb8335,0x10b88bb,0xaae1f75b4b7eb45787df2b278d86b5988292580f761b44fd4cbd3c64c833fd26,0x6493dd47,0x4693864e4,0xe90e,0x8b,0x9af7f7bf25e45afca9a526838f1accd349124420c2e8477bac227f51df93ece8,0x3f
0x133c8e155b6227ba0d8290bfd0d900aa1f245135,"['0xbdf2ad452fb5e7123ebc3e977452088bc6ac9aa4c6b807fa043bb65f7dd62810', '0x000000000000000000000000947b7742c403f20e5faccdac5e092c943e7d0277', '0x00000000000000000000000096958d02ff299d9843e9c850332fb2d7d8481e62']",0x00000000000000000000000000000000000000000000000000ab54a9a6c9dc0d4c4b1f50ee56827eefed1cc4db0e512a8a5fbf2f3180b843ae5fb12eb4bb8335,0x10b88c4,0x82863bf75229c4d76cebe381bad031bbb9d6571a981e535331289de81ee7ea40,0x6493ddb3,0x3fd7b8ec9,0x1084d,0xd9,0xcd3315a7185df8d1dbfe4e101a9429332ef3bd3f0e0a6f4001f2eb152d2ddc15,0xaa
0x133c8e155b6227ba0d8290bfd0d900aa1f245135,"['0x674faf747e3eea06e0c6346405d01330e029b752733b8ac5cfa9365ed64a496c', '0x000000000000000000000000947b7742c403f20e5faccdac5e092c943e7d0277', '0x00000000000000000000000096958d02ff299d9843e9c850332fb2d7d8481e62']",0x00000000000000000000000000000000000000000000000000ab54a9a6c9dc0d4c4b1f50ee56827eefed1cc4db0e512a8a5fbf2f3180b843ae5fb12eb4bb83350000000000000000000000000000000000000000000000000000000000000000,0x10b88c4,0x82863bf75229c4d76cebe381bad031bbb9d6571a981e535331289de81ee7ea40,0x6493ddb3,0x3fd7b8ec9,0x1084d,0xda,0xcd3315a7185df8d1dbfe4e101a9429332ef3bd3f0e0a6f4001f2eb152d2ddc15,0xaa
0x133c8e155b6227ba0d8290bfd0d900aa1f245135,"['0x6841f88c613e9eedd999a7291168f6d1f83bdd2b2416f98e91c01c19d6d5763a', '0x000000000000000000000000947b7742c403f20e5faccdac5e092c943e7d0277', '0x00000000000000000000000096958d02ff299d9843e9c850332fb2d7d8481e62']",0x00000000000000000000000000000000000000000000000000ab54a9a6c9dc0d4c4b1f50ee56827eefed1cc4db0e512a8a5fbf2f3180b843ae5fb12eb4bb8335,0x10b88c4,0x82863bf75229c4d76cebe381bad031bbb9d6571a981e535331289de81ee7ea40,0x6493ddb3,0x3fd7b8ec9,0x1084d,0xdc,0xcd3315a7185df8d1dbfe4e101a9429332ef3bd3f0e0a6f4001f2eb152d2ddc15,0xaa
0x133c8e155b6227ba0d8290bfd0d900aa1f245135,"['0xbdf2ad452fb5e7123ebc3e977452088bc6ac9aa4c6b807fa043bb65f7dd62810', '0x000000000000000000000000947b7742c403f20e5faccdac5e092c943e7d0277', '0x000000000000000000000000647b5b628cc13909e1afd71c9978bdc3a6498dbf']",0x00000000000000000000000000000000000000000000000000ab54a9a6c9dc0db7c41eebebc9c76fda1530ba48a276f6770183db65aa80719cd844c21aedb3c2,0x10bbbdb,0xdcfe787c678325cadf7413074059c3e3396e376e85c995cfd527a10ccbe1adef,0x64964a5f,0x33919dfcf,0xe23c,0xcf,0x01abc6d74e2d33275ca60461dc1188169304beb0d1c389b8ae88cefb0911d637,0x5c
0x133c8e155b6227ba0d8290bfd0d900aa1f245135,"['0x674faf747e3eea06e0c6346405d01330e029b752733b8ac5cfa9365ed64a496c', '0x000000000000000000000000947b7742c403f20e5faccdac5e092c943e7d0277', '0x00000000000000000000000077634d1dfb0b4bf486a485695683c9f246b6831b']",0x0000000000000000000000000000000000000000000000000072387119dbe8086ddf93ea5e94a4b20257821dbf59dd9e68b6647548c1105e3ccd5ca258fd1dcf00000000000000000000000000000000000000000000008bcedc74e0da2e60df,0x10f5a35,0x200c1f898cfbc5fcea5ab911048b8f18c77efc2b63c4ddf46a78fee740b6825c,0x64c230fb,0x3f0fd37a8,0x137bd,0x141,0x207f77363a46b7eb2cbbb3a29c3d42ec7ecc883207f05d4b7846ef8e2ec11ddd,0x90
0x133c8e155b6227ba0d8290bfd0d900aa1f245135,"['0x674faf747e3eea06e0c6346405d01330e029b752733b8ac5cfa9365ed64a496c', '0x000000000000000000000000947b7742c403f20e5faccdac5e092c943e7d0277', '0x000000000000000000000000647b5b628cc13909e1afd71c9978bdc3a6498dbf']",0x00000000000000000000000000000000000000000000000000ab54a9a6c9dc0db7c41eebebc9c76fda1530ba48a276f6770183db65aa80719cd844c21aedb3c20000000000000000000000000000000000000000000000a5aa891d46232159cf,0x113b821,0x2996a9b144df271fbc169c9ea0cd172ebef1e66eac04ebdbd568193ae6d08cb9,0x64f6fbfb,0x31b531f83,0x137bd,0x1d,0xcdd255c94bfbf6652e817969b67956eacbaea767aaf7558c745493d88b10e781,0xb
0x133c8e155b6227ba0d8290bfd0d900aa1f245135,"['0x674faf747e3eea06e0c6346405d01330e029b752733b8ac5cfa9365ed64a496c', '0x000000000000000000000000947b7742c403f20e5faccdac5e092c943e7d0277', '0x000000000000000000000000d29deda9432d6a78a6f4a5ecc123ac5840348629']",0x0000000000000000000000000000000000000000000000000072387119dbe808d8b052c772c3ec06d32c43d9a2f52ae94e797868124ccf677532f4a1970a7b8c0000000000000000000000000000000000000000000000a0edb39853a82e7e20,0x115e247,0x9058e3668850f68c45ee23622355358029a3343216d35d436b9b16817b5ae5f5,0x65113ab7,0x259161528,0xf4f1,0x11b,0x6e1cc01b9fbe7c5559a64ad1f05e9b7eb64170dcc16d424648330854a4bb778d,0x7c
0x133c8e155b6227ba0d8290bfd0d900aa1f245135,"['0x674faf747e3eea06e0c6346405d01330e029b752733b8ac5cfa9365ed64a496c', '0x000000000000000000000000947b7742c403f20e5faccdac5e092c943e7d0277', '0x000000000000000000000000647b5b628cc13909e1afd71c9978bdc3a6498dbf']",0x00000000000000000000000000000000000000000000000000ab54a9a6c9dc0db7c41eebebc9c76fda1530ba48a276f6770183db65aa80719cd844c21aedb3c200000000000000000000000000000000000000000000003c9fe9923404f46fd6,0x116a3dc,0x141aa814eda7f5365f71f90d745261b679d1fdc4c98a3e3737a46d6370bea200,0x651a5e6f,0x24c02fbdb,0xf4f1,0x4e,0xe9fe3f68ee41bc0461a11a5a6d898c216184d38eb87cedc3494fdb94ed820719,0x13
0x133c8e155b6227ba0d8290bfd0d900aa1f245135,"['0x674faf747e3eea06e0c6346405d01330e029b752733b8ac5cfa9365ed64a496c', '0x000000000000000000000000947b7742c403f20e5faccdac5e092c943e7d0277', '0x000000000000000000000000647b5b628cc13909e1afd71c9978bdc3a6498dbf']",0x00000000000000000000000000000000000000000000000000ab54a9a6c9dc0db7c41eebebc9c76fda1530ba48a276f6770183db65aa80719cd844c21aedb3c200000000000000000000000000000000000000000000003dbf965d756d7d5b1b,0x1199f2e,0xb264d3578c12d294fc17c0d50639d3aae06c7ab8ad15f0f28974376cb709bbbf,0x653e68cb,0x5e59b8cb8,0x137bd,0x64,0x6747fd53e7dde5d1d32d9da525aa000893add29995cb2fc2885dff115764e1ed,0x17
0x133c8e155b6227ba0d8290bfd0d900aa1f245135,"['0x674faf747e3eea06e0c6346405d01330e029b752733b8ac5cfa9365ed64a496c', '0x000000000000000000000000947b7742c403f20e5faccdac5e092c943e7d0277', '0x000000000000000000000000647b5b628cc13909e1afd71c9978bdc3a6498dbf']",0x00000000000000000000000000000000000000000000000000ab54a9a6c9dc0db7c41eebebc9c76fda1530ba48a276f6770183db65aa80719cd844c21aedb3c2000000000000000000000000000000000000000000000018be3af75961b4c4f0,0x11ad0be,0xe78027c28368ce93ac2110a6cd4175b78d7738ef2a1ac0c42346556f9b16f09b,0x654cd9df,0xb2613fef2,0x137bd,0x39,0xb0f6d9e9bfb605a5565137ae25db70150265b5a9d77a4950c574cf6a42585088,0xa
0x133c8e155b6227ba0d8290bfd0d900aa1f245135,"['0x674faf747e3eea06e0c6346405d01330e029b752733b8ac5cfa9365ed64a496c', '0x000000000000000000000000947b7742c403f20e5faccdac5e092c943e7d0277', '0x000000000000000000000000d29deda9432d6a78a6f4a5ecc123ac5840348629']",0x0000000000000000000000000000000000000000000000000072387119dbe808d8b052c772c3ec06d32c43d9a2f52ae94e797868124ccf677532f4a1970a7b8c00000000000000000000000000000000000000000000004d45f387452fa1783f,0x11b7ade,0xef01acdca8ee86b0053289e88f9ce1d4666b827fab8a3cd6fa6212611fae88f7,0x6554e1cf,0x8739b011a,0xf4f1,0x151,0xf20b318879e0d844ae387972a8f0dfbfa5900e3350d0371f2b49bf0460de018e,0x7a
0x133c8e155b6227ba0d8290bfd0d900aa1f245135,"['0x674faf747e3eea06e0c6346405d01330e029b752733b8ac5cfa9365ed64a496c', '0x000000000000000000000000947b7742c403f20e5faccdac5e092c943e7d0277', '0x000000000000000000000000647b5b628cc13909e1afd71c9978bdc3a6498dbf']",0x00000000000000000000000000000000000000000000000000ab54a9a6c9dc0db7c41eebebc9c76fda1530ba48a276f6770183db65aa80719cd844c21aedb3c2000000000000000000000000000000000000000000000028cd3427a19b99b5d3,0x11cc8d2,0x470fe71d49a13afad68a7f4742a20873a6242a92638ba6b97a9ae889ce87eb62,0x6564aa63,0x9a35cf6ab,0x137bd,0xe5,0x71b366263b62305814c5fdaaa4348d45c7a38db1522403e1d98631cecff94e6b,0x48
0x133c8e155b6227ba0d8290bfd0d900aa1f245135,"['0x674faf747e3eea06e0c6346405d01330e029b752733b8ac5cfa9365ed64a496c', '0x000000000000000000000000947b7742c403f20e5faccdac5e092c943e7d0277', '0x000000000000000000000000647b5b628cc13909e1afd71c9978bdc3a6498dbf']",0x00000000000000000000000000000000000000000000000000ab54a9a6c9dc0db7c41eebebc9c76fda1530ba48a276f6770183db65aa80719cd844c21aedb3c20000000000000000000000000000000000000000000000443f655f5c495dedfd,0x12012ca,0xc9729274544c5a1fb20281d406c9cced4223e2f9ad57d511cf8580e6104500c4,0x658c7fdb,0x57bb928b3,0x137bd,0x146,0x64cafc58828d0f145af5873262194e12daee3e43113126397c5384c81b4c20f7,0xa7
0x133c8e155b6227ba0d8290bfd0d900aa1f245135,"['0x674faf747e3eea06e0c6346405d01330e029b752733b8ac5cfa9365ed64a496c', '0x000000000000000000000000947b7742c403f20e5faccdac5e092c943e7d0277', '0x000000000000000000000000647b5b628cc13909e1afd71c9978bdc3a6498dbf']",0x00000000000000000000000000000000000000000000000000ab54a9a6c9dc0db7c41eebebc9c76fda1530ba48a276f6770183db65aa80719cd844c21aedb3c200000000000000000000000000000000000000000000000a4871603e17e8c580,0x1209162,0x9e246636a2c10aba2ab595d8606081c9fc613d0eb149340362b9b4e46b0713bb,0x65928053,0x23b73c6d9,0x137bd,0xc3,0x8a67e52b53819ce47d250cbb0d827f8724d9bb804f5ecf123979ebcf4e7504ac,0x61
0x133c8e155b6227ba0d8290bfd0d900aa1f245135,"['0x674faf747e3eea06e0c6346405d01330e029b752733b8ac5cfa9365ed64a496c', '0x000000000000000000000000947b7742c403f20e5faccdac5e092c943e7d0277', '0x000000000000000000000000647b5b628cc13909e1afd71c9978bdc3a6498dbf']",0x00000000000000000000000000000000000000000000000000ab54a9a6c9dc0db7c41eebebc9c76fda1530ba48a276f6770183db65aa80719cd844c21aedb3c2000000000000000000000000000000000000000000000012e7b7c6af2bb0fe42,0x121799e,0xaafe5d43c1c25346bd33c8ce47ae37641fd65aa3d6cdd4be0ef169ad848b3dff,0x659d891b,0x5d45e89c7,0x137bd,0xf0,0x67ec20ce0535b2150c1388614581460cd09ce85f85082440cff8a17870d7e378,0x55
0x133c8e155b6227ba0d8290bfd0d900aa1f245135,"['0x674faf747e3eea06e0c6346405d01330e029b752733b8ac5cfa9365ed64a496c', '0x000000000000000000000000947b7742c403f20e5faccdac5e092c943e7d0277', '0x000000000000000000000000647b5b628cc13909e1afd71c9978bdc3a6498dbf']",0x00000000000000000000000000000000000000000000000000ab54a9a6c9dc0db7c41eebebc9c76fda1530ba48a276f6770183db65aa80719cd844c21aedb3c200000000000000000000000000000000000000000000002328b9a61c24ef5b1a,0x1232bae,0xd39b6e034b2815de531f6ec35e26de83faf66c7ba782b3ee3a4495dc62e70740,0x65b20e87,0x2eca8e868,0x137bd,0x90,0xeb0b110f31223db907dc0ba208bc9918f6e6ab0e372bd7f56d3bf69cf7b2bca7,0x2d
