"Txhash","Blockno","UnixTimestamp","DateTime (UTC)","From","To","ContractAddress","Value_IN(ETH)","Value_OUT(ETH)","CurrentValue @ $2316.28167817617/Eth","TxnFee(ETH)","TxnFee(USD)","Historical $Price/Eth","Status","ErrCode","Method"
"0x52961794ded01e26a2a7f342815f42f83d5fccbfe4a9dc9b29bd2418eadf136f","14676661","1651200700","2022-04-29 02:51:40","0x71a15ac12ee91bf7c83d08506f3a3588143898b5","0xde1c04855c2828431ba637675b6929a684f84c7f","","0","0","0","0.108146845076026757","250.498555802158","2817.23","","","Create Llama Pay Contract"
"0x066a44bf38fc0ead89446c799536a9b5aa39a59b0b82237d2eb6017d609baa47","14704387","1651577287","2022-05-03 11:28:07","0x71a15ac12ee91bf7c83d08506f3a3588143898b5","0xde1c04855c2828431ba637675b6929a684f84c7f","","0","0","0","0.087266324019428025","202.133387447986","2780.63","","","Create Llama Pay Contract"
"0x644d12029414c16f7bc991cb3d708c39da2e01a410284ad15565cdb6cb0c1ff7","14852390","1653629813","2022-05-27 05:36:53","0x947b7742c403f20e5faccdac5e092c943e7d0277","0xde1c04855c2828431ba637675b6929a684f84c7f","","0","0","0","0.050776961198699264","117.613744898009","1724.73","","","Create Llama Pay Contract"
"0xdb4ea546435a7ae1ab2fdb396e73530c6f948ba8084a22a4cfce817798b7fa19","14962208","1655216778","2022-06-14 14:26:18","0x0fbb8d17027b16810795b12cbeadc65b252530c4","0xde1c04855c2828431ba637675b6929a684f84c7f","","0","0","0","0.088525935","205.051001283915","1206.94","","","Create Llama Pay Contract"
"0xf8d21232984c5e11c2a3596b5c3abc19c6671b728b24bb5acec6c4e535079e10","14970696","1655343599","2022-06-16 01:39:59","0xcd298d9872823f0665b7726604db286ed3376a8b","0xde1c04855c2828431ba637675b6929a684f84c7f","","0","0","0","0.076364714236297719","176.882188444695","1067.10","","","Create Llama Pay Contract"
"0x2087403e28d0757f77c004aa2a22d345a781638ed5589a65222d779a59b712de","14995260","1655709067","2022-06-20 07:11:07","0x7a1057e6e9093da9c1d4c1d049609b6889fc4c67","0xde1c04855c2828431ba637675b6929a684f84c7f","","0","0","0","0.037797341012228925","87.5492884704026","1126.99","","","Create Llama Pay Contract"
"0x4326cd874eaa9952d8b9535bf11cc862d51d0f379700e75554f9e351f785d49b","15326415","1660299058","2022-08-12 10:10:58","0x0000000000e189dd664b9ab08a33c4839953852c","0xde1c04855c2828431ba637675b6929a684f84c7f","","0","0","0","0.021667976","50.189135811961","1959.26","","","Create Llama Pay Contract"
"0x78bdde96e46a99181cf325e77ceb85e1c18416f1045da9e70aa619866a781ef4","15352966","1660661261","2022-08-16 14:47:41","0x1ee88e921b938bcf99036350c8578be9dcc38d99","0xde1c04855c2828431ba637675b6929a684f84c7f","","0","0","0","0.034855009697916828","80.7340203559375","1877.16","","","Create Llama Pay Contract"
"0xc4b907cd792737c9eda22993bae73e30f3b296376fd7c387c7addc6dfbb37970","15414551","1661505900","2022-08-26 09:25:00","0x093670106724d5b1739bd96a1db2c8ed2b5c759b","0xde1c04855c2828431ba637675b6929a684f84c7f","","0","0","0","0.011012590919220683","25.5082625754401","1508.09","","","Create Llama Pay Contract"
"0x5d5e02e54fb41d5dcff6b4a119cc0d76a31b64b51e5759da266910e14d4ffdee","15429796","1661717110","2022-08-28 20:05:10","0x5180db0237291a6449dda9ed33ad90a38787621c","0xde1c04855c2828431ba637675b6929a684f84c7f","","0","0","0","0.039208886589508893","90.8188256289668","1426.40","","","Create Llama Pay Contract"
"0x8959a26d2c8d7ca51dae2d4c5ef62f623ae590947e024c8638565b8696c5de87","15431744","1661743358","2022-08-29 03:22:38","0x5180db0237291a6449dda9ed33ad90a38787621c","0xde1c04855c2828431ba637675b6929a684f84c7f","","0","0","0","0.028308868289151608","65.5713129480642","1552.40","","","Create Llama Pay Contract"
"0x9002c45b3b5e454396e6f7bda21b1a23b3346455033a315780f3d01a4690e63c","15489382","1662540744","2022-09-07 08:52:24","0x7285502ed0a0ed25f65941e480bda7114492acf9","0xde1c04855c2828431ba637675b6929a684f84c7f","","0","0","0","0.014951862717711912","34.6327256676415","1630.00","","","Create Llama Pay Contract"
"0xee191179564e2f5929bf3ea714dad4ccbc666b540a9a5d1fff2f75c7fb46a71c","15503825","1662742304","2022-09-09 16:51:44","0x82eb69375630383478aaf5befa56ed48dbaac1e4","0xde1c04855c2828431ba637675b6929a684f84c7f","","0","0","0","0.04852461055387619","112.396666366577","1719.35","","","Create Llama Pay Contract"
"0xaaa105a8fe44f467b99e0007a8b23c8f2c2af09c9301709ee3b56b18d0c7da73","15571512","1663638431","2022-09-20 01:47:11","0x8368beb781580fa12d32052733a24c625ac0410d","0xde1c04855c2828431ba637675b6929a684f84c7f","","0","0","0","0.010692260223169702","24.7662864532198","1323.07","","","Create Llama Pay Contract"
"0x668f4b3678a8b6ee2e15d7894aaafc8217028400c61efb7d8aaef7d21481e9d2","15960570","1668336083","2022-11-13 10:41:23","0x0cec743b8ce4ef8802cac0e5df18a180ed8402a7","0xde1c04855c2828431ba637675b6929a684f84c7f","","0","0","0","0.028854601196347252","66.8353840821793","1219.85","","","Create Llama Pay Contract"
"0x1b3fed20e562843aa9e8d2b3cfff1059483d4fc4ad03932a938d80c3c9e667ca","16422157","1673905943","2023-01-16 21:52:23","0x1434f19804789e494e271f9cef8450e51790fcd2","0xde1c04855c2828431ba637675b6929a684f84c7f","","0","0","0","0.043326256787378636","100.355814780561","1577.02","","","Create Llama Pay Contract"
"0x5458f4989612c53f8d654e76c1d193e32b587e6c06940358baad8247d579d992","16488056","1674700703","2023-01-26 02:38:23","0xad730d8e730c99e205a371436ce2e5acfc38d7f9","0xde1c04855c2828431ba637675b6929a684f84c7f","","0","0","0","0.02889162318593515","66.9211374383514","1601.35","","","Create Llama Pay Contract"
"0x1be8f942a80cffd4d2a947465f7e548618e134af151a6ca55cb72d0d0cdcb366","16623388","1676334167","2023-02-14 00:22:47","0xb4300d11d86bc7e7ec88d32e93316b03a6a94241","0xde1c04855c2828431ba637675b6929a684f84c7f","","0","0","0","0.036165411764469572","83.7692806537378","1556.14","","","Create Llama Pay Contract"
"0xfda98184e1147ca714930abc3c145551caee121f7e1cd3ee42536a5e7ebfb014","16647609","1676626847","2023-02-17 09:40:47","0x11204450bba92ffc56e3780ef8c5af58f1a77604","0xde1c04855c2828431ba637675b6929a684f84c7f","","0","0","0","0.041709935586255285","96.6119595963513","1694.30","","","Create Llama Pay Contract"
"0x1a39564b8a86cbd33a565859a0fd2daae40565c30ae4ae2700a4cc5a246efcb9","16795403","1678422791","2023-03-10 04:33:11","0x22ba94972f446a018944d0af41f887f88e923201","0xde1c04855c2828431ba637675b6929a684f84c7f","","0","0","0","0.03946842","91.4199781125619","1431.49","","","Create Llama Pay Contract"
"0xfb0fc53fa07aed7e8faff5aa60b849b072a4de899674c189e1de99880c224b32","16885887","1679521499","2023-03-22 21:44:59","0xb74106d55c07b49e67c7901c21da57eb97a67599","0xde1c04855c2828431ba637675b6929a684f84c7f","","0","0","0","0.054500952306982285","126.239557271816","1738.86","","","Create Llama Pay Contract"
"0x03e8be9e79458413d21c7a6d0c5b97f9d6027d0380df6a07a5d46d050a1a57df","17166969","1682956139","2023-05-01 15:48:59","0xf9c6f2ac725fd4497de30d0d3d7c65d578c2d864","0xde1c04855c2828431ba637675b6929a684f84c7f","","0","0","0","0.184546476640923072","427.461622615337","1831.54","","","Create Llama Pay Contract"
"0x5ac38becf0bfeb7b187ff1a235f70fb503bc724eb272a13d7af3f05293164874","17603296","1688264171","2023-07-02 02:16:11","0xe38ea600d5945b17a39fb53601d8373954e6da0f","0xde1c04855c2828431ba637675b6929a684f84c7f","","0","0","0","0.02971426444710588","68.8266063193129","1937.44","","","Create Llama Pay Contract"
"0xb2f3e4630bbb188897d8150b7bed5451a6430a496e64f2e5f3e66bc26e26ac1b","17858873","1691360663","2023-08-06 22:24:23","0x57ab7ee15ce5ecacb1ab84ee42d5a9d0d8112922","0xde1c04855c2828431ba637675b6929a684f84c7f","","0","0","0","0.023841953254490965","55.2246794953101","1827.82","","","Create Llama Pay Contract"
"0x2786599d56e818eb2f2997f7816fe13ea88db63d4ede33dab1ccc23b0df977fa","18290817","1696587539","2023-10-06 10:18:59","0x6536503e984e2350d4cd3c1b71b83801845b45ed","0xde1c04855c2828431ba637675b6929a684f84c7f","","0","0","0","0.019521011125315956","45.2161604090425","1645.93","","","Create Llama Pay Contract"
"0xa4abe05788e5163cf7ae58200f4830528fd224b8b8fe9b9dd0d4d4c0ab1314ef","18318474","1696921823","2023-10-10 07:10:23","0xee83ecaccb524c5d7ef564347a0e41a147202816","0xde1c04855c2828431ba637675b6929a684f84c7f","","0","0","0","0.010421319635981435","24.1387117352413","1567.68","","","Create Llama Pay Contract"
"0xee15d4825d1a83d0e5d0d85e015da172734a4d298f103ae26059540a935aaac7","18536645","1699560107","2023-11-09 20:01:47","0x401f9bed780d1267ffcf72d50365d9b8202140f0","0xde1c04855c2828431ba637675b6929a684f84c7f","","0","0","0","0.096163758031236012","222.742350832318","2121.13","","","Create Llama Pay Contract"
"0xe3ba54ce8e00b91cb3db61bb1a93eda7d44930115cff1b706d2f28a4526365e2","18578275","1700063255","2023-11-15 15:47:35","0xd8531a94100f15af7521a7b6e724ac4959e0a025","0xde1c04855c2828431ba637675b6929a684f84c7f","","0","0","0","0.091700469070554725","212.404116388286","2059.63","","","Create Llama Pay Contract"
"0x43b091b0edf8397a96478084dc5ed84846de0b5b0c4d2ac744dc73b90a4799e9","18675763","1701242735","2023-11-29 07:25:35","0xe9970f8985ac8bf672223ded6545cc7a4c7c55d5","0xde1c04855c2828431ba637675b6929a684f84c7f","","0","0","0","0.064391346974063858","149.148497229109","2029.17","","","Create Llama Pay Contract"
"0x2a92895a59879cba93c7806f8e934fa2ec081fa0510c3098969447605e0fbdac","18964985","1704749579","2024-01-08 21:32:59","0x98915686e23032a1d3b8596badd7fadf147d5c00","0xde1c04855c2828431ba637675b6929a684f84c7f","","0","0","0","0.04329690130121289","100.287819205801","2332.66","","","Create Llama Pay Contract"
"0xc23d7283c69f648f7ba62bbd65876f8c4d18b974189cf36a7d648fa8107dc5b0","18986612","1705011599","2024-01-11 22:19:59","0xa564b8fbb6542637ecf6fede24f1cbfd2be70103","0xde1c04855c2828431ba637675b6929a684f84c7f","","0","0","0","0.057273793662485988","132.662238900059","2618.71","","","Create Llama Pay Contract"
"0x27e33d5be73e4f09dda120f17eb14542eb99c9082fa2aa928e9f7cdd0f0a2ac2","19021239","1705429691","2024-01-16 18:28:11","0x572865df00967098fac87dfc7d297097652ab510","0xde1c04855c2828431ba637675b6929a684f84c7f","","0","0","0","0.073243584466507234","169.652772743719","2586.91","","","Create Llama Pay Contract"
"0xb4fab2d58847c47a08eb87794a8059318ab0d808146f92507b3dba7bf50b245d","19114420","1706558363","2024-01-29 19:59:23","0x0cf2a3bc341038b87c80f9d9fc94b3682c1772db","0xde1c04855c2828431ba637675b6929a684f84c7f","","0","0","0","0.023620456620117654","54.7116308993335","","","","Create Llama Pay Contract"
